{"_type":"export","__export_format":4,"__export_date":"2020-06-06T22:56:22.298Z","__export_source":"insomnia.desktop.app:v7.1.1","resources":[{"_id":"req_b107a4187f904db68bc032a0e1fbead2","authentication":{},"body":{},"created":1591469449789,"description":"","headers":[],"isPrivate":false,"metaSortKey":-1591469449790,"method":"GET","modified":1591469474971,"name":"/api/books","parameters":[],"parentId":"wrk_86b78076778643f5a5b76a943cf33adc","settingDisableRenderRequestBody":false,"settingEncodeUrl":true,"settingFollowRedirects":"global","settingRebuildPath":true,"settingSendCookies":true,"settingStoreCookies":true,"url":"localhost:9000/api/books","_type":"request"},{"_id":"wrk_86b78076778643f5a5b76a943cf33adc","created":1591468612679,"description":"","modified":1591468612679,"name":"Book API","parentId":null,"_type":"workspace"},{"_id":"req_25f3a5708b61427ab574a32e2b99551b","authentication":{},"body":{},"created":1591469808297,"description":"","headers":[],"isPrivate":false,"metaSortKey":-1591360921059.5,"method":"GET","modified":1591469810599,"name":"/api/books/:id","parameters":[],"parentId":"wrk_86b78076778643f5a5b76a943cf33adc","settingDisableRenderRequestBody":false,"settingEncodeUrl":true,"settingFollowRedirects":"global","settingRebuildPath":true,"settingSendCookies":true,"settingStoreCookies":true,"url":"localhost:9000/api/books/5edbe6d5a1c612089b6497b8","_type":"request"},{"_id":"req_a198481365d7465c861b0557ff91abb2","authentication":{},"body":{"mimeType":"application/json","text":"{\n\t\"title\": \"Super livro do shin\",\n  \"author\": \"super shin\",\n  \"publisher\": \"minha mãe\",\n  \"tags\": [\"suspense\", \"filosofia\"]\n}"},"created":1591469485101,"description":"","headers":[{"id":"pair_e75f6331aeb549b69b3838d1d1f418c7","name":"Content-Type","value":"application/json"}],"isPrivate":false,"metaSortKey":-1591252392329,"method":"POST","modified":1591469562685,"name":"/api/books","parameters":[],"parentId":"wrk_86b78076778643f5a5b76a943cf33adc","settingDisableRenderRequestBody":false,"settingEncodeUrl":true,"settingFollowRedirects":"global","settingRebuildPath":true,"settingSendCookies":true,"settingStoreCookies":true,"url":"localhost:9000/api/books","_type":"request"},{"_id":"req_3c4e10839cd1467781fdc213f8a504e4","authentication":{},"body":{"mimeType":"application/json","text":"{\n\t\"title\": \"Super livro do shin2\",\n  \"author\": \"super shin2\",\n  \"publisher\": \"minha mãe2\",\n  \"tags\": [\"suspense2\", \"filosofia2\"],\n\t\"isActive\": true\n}"},"created":1591469817322,"description":"","headers":[{"id":"pair_e75f6331aeb549b69b3838d1d1f418c7","name":"Content-Type","value":"application/json"}],"isPrivate":false,"metaSortKey":-1591143863598.5,"method":"PUT","modified":1591470500090,"name":"/api/books","parameters":[],"parentId":"wrk_86b78076778643f5a5b76a943cf33adc","settingDisableRenderRequestBody":false,"settingEncodeUrl":true,"settingFollowRedirects":"global","settingRebuildPath":true,"settingSendCookies":true,"settingStoreCookies":true,"url":"localhost:9000/api/books/5edbe6d5a1c612089b6497b8","_type":"request"},{"_id":"req_e9d2fe7382c74e57a35959bba49b31ec","authentication":{},"body":{},"created":1591469902455,"description":"","headers":[],"isPrivate":false,"metaSortKey":-1591089599233.25,"method":"DELETE","modified":1591469907646,"name":"/api/books","parameters":[],"parentId":"wrk_86b78076778643f5a5b76a943cf33adc","settingDisableRenderRequestBody":false,"settingEncodeUrl":true,"settingFollowRedirects":"global","settingRebuildPath":true,"settingSendCookies":true,"settingStoreCookies":true,"url":"localhost:9000/api/books/5edbe6d5a1c612089b6497b8","_type":"request"},{"_id":"env_f7fffb23eb068f27200041f32eaca574c997167c","color":null,"created":1591468612882,"data":{},"dataPropertyOrder":null,"isPrivate":false,"metaSortKey":1591468612882,"modified":1591468612882,"name":"Base Environment","parentId":"wrk_86b78076778643f5a5b76a943cf33adc","_type":"environment"},{"_id":"jar_f7fffb23eb068f27200041f32eaca574c997167c","cookies":[],"created":1591468612884,"modified":1591468612884,"name":"Default Jar","parentId":"wrk_86b78076778643f5a5b76a943cf33adc","_type":"cookie_jar"}]}